336.jpg,defect10
258.jpg,defect7
430.jpg,norm
75.jpg,norm
406.jpg,defect10
193.jpg,defect3
95.jpg,defect7
78.jpg,defect6
272.jpg,defect6
301.jpg,defect6
21.jpg,defect5
84.jpg,defect4
223.jpg,norm
99.jpg,defect5
242.jpg,defect6
238.jpg,defect6
31.jpg,defect11
92.jpg,norm
303.jpg,norm
148.jpg,defect2
376.jpg,defect11
222.jpg,defect11
32.jpg,norm
419.jpg,defect6
265.jpg,norm
217.jpg,defect6
248.jpg,defect8
37.jpg,defect11
367.jpg,defect6
322.jpg,defect2
131.jpg,defect6
252.jpg,defect5
139.jpg,defect6
179.jpg,defect1
280.jpg,defect9
310.jpg,defect6
188.jpg,defect5
316.jpg,defect6
285.jpg,defect6
7.jpg,defect10
356.jpg,norm
50.jpg,defect4
198.jpg,norm
8.jpg,defect6
22.jpg,defect11
42.jpg,defect5
137.jpg,defect6
428.jpg,norm
347.jpg,defect11
426.jpg,norm
191.jpg,defect6
209.jpg,norm
262.jpg,defect4
118.jpg,defect6
200.jpg,norm
269.jpg,defect5
18.jpg,defect6
271.jpg,defect11
247.jpg,norm
152.jpg,defect6
141.jpg,defect6
325.jpg,defect6
71.jpg,defect4
96.jpg,norm
353.jpg,defect6
103.jpg,defect10
344.jpg,defect5
278.jpg,defect5
143.jpg,norm
366.jpg,norm
185.jpg,defect8
299.jpg,defect11
415.jpg,defect6
127.jpg,defect4
330.jpg,norm
343.jpg,defect6
98.jpg,norm
315.jpg,defect5
36.jpg,defect8
130.jpg,defect4
220.jpg,norm
281.jpg,defect10
212.jpg,defect6
3.jpg,norm
313.jpg,defect6
307.jpg,defect6
135.jpg,norm
140.jpg,defect5
407.jpg,defect9
64.jpg,defect6
133.jpg,defect10
359.jpg,defect4
288.jpg,norm
321.jpg,norm
296.jpg,defect5
425.jpg,defect4
323.jpg,defect4
293.jpg,defect3
163.jpg,norm
117.jpg,defect11
324.jpg,defect1
68.jpg,defect6
15.jpg,defect7
54.jpg,norm
270.jpg,defect10
90.jpg,defect3
243.jpg,norm
60.jpg,defect11
73.jpg,norm
89.jpg,norm
87.jpg,defect6
215.jpg,defect6
377.jpg,defect11
93.jpg,norm
390.jpg,defect5
292.jpg,defect6
5.jpg,norm
297.jpg,defect5
138.jpg,defect1
357.jpg,defect5
16.jpg,defect6
214.jpg,defect5
261.jpg,norm
368.jpg,defect6
398.jpg,defect8
38.jpg,defect11
82.jpg,defect5
23.jpg,norm
412.jpg,norm
360.jpg,defect11
59.jpg,defect10
370.jpg,defect6
434.jpg,defect6
286.jpg,defect6
289.jpg,defect5
213.jpg,defect6
25.jpg,defect11
351.jpg,norm
13.jpg,norm
335.jpg,norm
186.jpg,defect5
346.jpg,defect6
276.jpg,defect10
100.jpg,defect5
180.jpg,defect6
235.jpg,defect4
409.jpg,defect1
333.jpg,defect5
196.jpg,defect4
435.jpg,defect6
122.jpg,defect6
0.jpg,defect6
427.jpg,defect10
279.jpg,norm
26.jpg,norm
165.jpg,norm
24.jpg,defect4
72.jpg,norm
216.jpg,defect6
229.jpg,norm
201.jpg,defect6
405.jpg,norm
244.jpg,defect6
225.jpg,defect11
418.jpg,norm
67.jpg,defect6
157.jpg,norm
308.jpg,norm
396.jpg,defect10
70.jpg,defect6
48.jpg,norm
107.jpg,norm
46.jpg,defect6
97.jpg,norm
340.jpg,norm
416.jpg,norm
250.jpg,norm
12.jpg,norm
282.jpg,norm
410.jpg,defect6
224.jpg,norm
283.jpg,norm
361.jpg,defect5
162.jpg,defect2
304.jpg,defect6
166.jpg,defect2
167.jpg,defect3
124.jpg,norm
41.jpg,defect1
298.jpg,norm
374.jpg,defect6
86.jpg,defect5
402.jpg,defect2
381.jpg,defect6
432.jpg,defect5
268.jpg,defect1
294.jpg,norm
189.jpg,norm
119.jpg,defect10
228.jpg,defect2
306.jpg,norm
106.jpg,defect5
387.jpg,defect6
287.jpg,defect4
392.jpg,defect6
267.jpg,norm
111.jpg,defect5
348.jpg,defect6
129.jpg,norm
395.jpg,defect6
263.jpg,defect5
302.jpg,norm
399.jpg,defect5
234.jpg,defect6
349.jpg,norm
56.jpg,defect10
354.jpg,defect6
245.jpg,norm
177.jpg,norm
355.jpg,defect10
417.jpg,norm
160.jpg,norm
379.jpg,defect6
423.jpg,defect6
404.jpg,norm
102.jpg,defect6
197.jpg,defect6
369.jpg,defect8
358.jpg,defect5
227.jpg,defect5
327.jpg,norm
382.jpg,norm
85.jpg,defect6
45.jpg,defect9
273.jpg,defect5
232.jpg,defect9
260.jpg,defect6
4.jpg,defect11
226.jpg,defect6
104.jpg,defect11
80.jpg,defect10
199.jpg,defect6
39.jpg,defect6
241.jpg,defect1
385.jpg,defect6
181.jpg,defect7
91.jpg,defect10
128.jpg,defect8
44.jpg,defect5
66.jpg,defect5
339.jpg,defect5
350.jpg,norm
424.jpg,defect10
338.jpg,defect5
34.jpg,defect5
334.jpg,norm
207.jpg,defect6
239.jpg,norm
254.jpg,defect6
371.jpg,defect2
195.jpg,defect6
372.jpg,norm
275.jpg,norm
142.jpg,defect6
52.jpg,defect5
192.jpg,defect2
205.jpg,defect5
408.jpg,defect6
94.jpg,defect3
28.jpg,defect10
110.jpg,defect4
375.jpg,defect6
175.jpg,defect6
384.jpg,defect3
342.jpg,defect8
246.jpg,defect10
74.jpg,norm
134.jpg,norm
337.jpg,defect10
183.jpg,defect6
51.jpg,defect11
389.jpg,defect5
365.jpg,norm
173.jpg,defect6
253.jpg,defect6
231.jpg,norm
221.jpg,defect6
146.jpg,defect6
116.jpg,defect1
266.jpg,norm
1.jpg,norm
328.jpg,defect6
169.jpg,defect4
237.jpg,defect6
40.jpg,norm
123.jpg,defect10
20.jpg,norm
83.jpg,defect4
291.jpg,defect4
126.jpg,defect6
174.jpg,norm
149.jpg,defect7
49.jpg,defect10
170.jpg,defect6
383.jpg,defect6
115.jpg,defect11
77.jpg,defect6
63.jpg,defect7
439.jpg,defect4
300.jpg,defect6
211.jpg,defect6
236.jpg,norm
363.jpg,defect4
57.jpg,norm
120.jpg,defect5
194.jpg,defect1
364.jpg,defect6
17.jpg,norm
329.jpg,norm
144.jpg,defect6
233.jpg,defect9
153.jpg,defect6
203.jpg,defect10
305.jpg,defect4
14.jpg,norm
19.jpg,defect6
318.jpg,defect4
204.jpg,defect5
259.jpg,defect1
6.jpg,defect6
11.jpg,defect6
202.jpg,defect7
326.jpg,defect5
151.jpg,norm
210.jpg,defect2
230.jpg,defect11
331.jpg,defect10
184.jpg,defect5
341.jpg,norm
108.jpg,defect6
274.jpg,norm
413.jpg,defect5
158.jpg,defect11
397.jpg,norm
164.jpg,defect1
112.jpg,norm
429.jpg,defect3
284.jpg,norm
249.jpg,defect4
76.jpg,defect5
422.jpg,defect11
69.jpg,defect6
208.jpg,defect6
317.jpg,defect6
362.jpg,defect6
314.jpg,defect6
176.jpg,defect6
159.jpg,defect10
256.jpg,defect6
114.jpg,defect5
43.jpg,defect6
9.jpg,defect6
187.jpg,defect5
150.jpg,defect6
33.jpg,defect10
161.jpg,defect6
414.jpg,defect5
30.jpg,defect5
373.jpg,defect6
290.jpg,norm
400.jpg,norm
401.jpg,norm
171.jpg,defect11
182.jpg,defect10
121.jpg,defect4
53.jpg,norm
352.jpg,defect10
277.jpg,defect6
178.jpg,defect6
431.jpg,defect5
156.jpg,defect6
433.jpg,defect6
345.jpg,defect6
168.jpg,defect5
58.jpg,defect6
65.jpg,defect6
264.jpg,defect6
147.jpg,defect6
154.jpg,defect6
421.jpg,norm
391.jpg,norm
332.jpg,defect6
312.jpg,defect2
403.jpg,norm
394.jpg,norm
295.jpg,defect10
88.jpg,norm
101.jpg,defect10
109.jpg,defect6
55.jpg,norm
2.jpg,defect6
380.jpg,defect6
257.jpg,norm
10.jpg,norm
319.jpg,norm
320.jpg,defect5
136.jpg,norm
125.jpg,defect5
29.jpg,defect5
411.jpg,defect5
438.jpg,defect5
35.jpg,defect10
420.jpg,defect3
386.jpg,defect6
437.jpg,defect4
393.jpg,defect5
172.jpg,defect6
62.jpg,defect7
61.jpg,norm
113.jpg,norm
155.jpg,defect5
251.jpg,defect5
145.jpg,norm
132.jpg,defect5
378.jpg,norm
255.jpg,defect6
388.jpg,defect5
27.jpg,defect5
206.jpg,defect6
311.jpg,norm
309.jpg,defect6
240.jpg,norm
79.jpg,defect5
218.jpg,norm
190.jpg,defect6
105.jpg,defect6
436.jpg,norm
47.jpg,defect6
81.jpg,defect6
219.jpg,defect4
